jobAidId,jobAidVersion,contentType,dateCreated,duration,desiredDuration,contentUrl
16242626172767825,8,HYPERLINK,2021-06-21T08:03:37.000Z,60,30,https://www.ndtv.com/india-news/sharad-pawar-meets-prashant-kishor-for-the-second-time-in-two-weeks-2468774
16242626172767825,8,HYPERLINK,2021-06-21T08:03:37.000Z,60,30,https://www.ndtv.com/india-news/amarinder-singh-in-delhi-to-meet-central-congress-team-again-amid-infighting-in-punjab-2468777
16242626172767825,8,HYPERLINK,2021-06-21T08:03:37.000Z,60,30,https://www.ndtv.com/india-news/thaw-in-sena-bjp-ties-maharashtra-coalition-united-says-sanjay-raut-2468735
16242626172767825,8,HYPERLINK,2021-06-21T08:03:37.000Z,60,30,https://www.ndtv.com/world-news/covid-as-seasonal-disease-like-the-flu-policy-makers-aiming-for-it-2468589
16242626172767825,8,HYPERLINK,2021-06-21T08:03:37.000Z,60,30,https://www.ndtv.com/india-news/twitter-india-chief-says-available-for-questioning-via-video-by-police-on-up-assault-posts-2468730
16242626172767825,8,HYPERLINK,2021-06-21T08:03:37.000Z,60,30,https://www.ndtv.com/india-news/case-against-journalist-who-accused-ram-temple-trust-member-of-land-grab-2468369
16242626172767825,8,HYPERLINK,2021-06-21T08:03:37.000Z,60,30,https://www.ndtv.com/blog/blog-a-bjp-sena-reunion-what-leaders-on-both-sides-advise-2468683
16242626172767825,8,HYPERLINK,2021-06-21T08:03:37.000Z,60,30,https://sports.ndtv.com/icc-world-test-championship-2021/wtc-final-day-4-india-vs-new-zealand-southampton-weather-forecast-makes-for-grim-reading-2468705
16242626172767825,8,HYPERLINK,2021-06-21T08:03:37.000Z,60,30,https://www.ndtv.com/business/opinion-how-did-bharatpe-a-3-year-old-startup-win-a-banking-license-2468618
16242626172767825,8,HYPERLINK,2021-06-21T08:03:37.000Z,60,30,https://www.ndtv.com/blog/blog-vidya-balan-pulls-a-kate-winslet-very-successfully-2468738
16242626172767825,8,HYPERLINK,2021-06-21T08:03:37.000Z,60,30,https://www.ndtv.com/gurgaon-news/man-stabbed-to-death-by-wife-in-gurugram-child-11-calls-it-accidental-2468196
16242626172767825,8,HYPERLINK,2021-06-21T08:03:37.000Z,60,30,https://www.ndtv.com/india-news/upas-oil-bonds-legacy-hurting-consumers-today-government-sources-2468393
16242626172767825,8,HYPERLINK,2021-06-21T08:03:37.000Z,60,30,https://www.ndtv.com/delhi-news/delhi-4-shooters-of-nandu-gang-on-way-to-kill-businessman-injured-in-shootout-cops-2468585
16242626172767825,8,HYPERLINK,2021-06-21T08:03:37.000Z,60,30,https://www.ndtv.com/business/india-fdi-news-india-receives-64-billion-fdi-in-2020-fifth-largest-inflows-in-world-un-2468655
16242626172767825,8,HYPERLINK,2021-06-21T08:03:37.000Z,60,30,https://www.ndtv.com/india-news/shiv-sena-mla-pratap-sarnaik-to-uddhav-thackeray-central-agencies-harassing-lets-join-hands-with-bjp-again-2468200
16242626172767825,8,HYPERLINK,2021-06-21T08:03:37.000Z,60,30,https://www.ndtv.com/india-news/pm-on-yoga-day-when-covid-emerged-no-country-was-prepared-at-this-time-yoga-became-a-source-of-inner-strength-2468517
16242626172767825,8,HYPERLINK,2021-06-21T08:03:37.000Z,60,30,https://sports.ndtv.com/athletics/usain-bolt-has-twin-boys-their-names-take-social-media-by-storm-2468590
16242626172767825,8,HYPERLINK,2021-06-21T08:03:37.000Z,60,30,https://www.ndtv.com/entertainment/on-international-yoga-day-free-your-mind-like-kareena-kapoor-2468706
16242626172767825,8,HYPERLINK,2021-06-21T08:03:37.000Z,60,30,https://www.ndtv.com/offbeat/watch-snake-tries-stealing-fishermans-catch-in-shocking-video-2468734
16242626172767825,8,HYPERLINK,2021-06-21T08:03:37.000Z,60,30,https://www.ndtv.com/beeps?fwplayer=eyJhcHBfaWQiOiJpMFFUQ3YzQWNQeks3WU5kSkQ5OTVlMl8yZU1wOUh2YiIsInYiOjEsInZpZGVvX2lkIjoiZ09XZTM2In0
